<?xml version="1.0" encoding="utf-8" standalone="no" ?>
<placeable>
    <storeData>
        <name>Cell phone tower</name>
        <functions>
            <function>$l10n_function_Cellphonetower</function>
        </functions>
        <image>store/store.dds</image>
        <price>6000</price>
        <lifetime>1000</lifetime>
        <dailyUpkeep>8</dailyUpkeep>
        <rotation>0</rotation>
        <brand>LIZARD</brand>
        <species>placeable</species>
        <category>placeableMisc</category>
    </storeData>
    <placeableType>beehive</placeableType>
    <filename>beeHive.i3d</filename>
    <placement testSizeX="11" testSizeZ="13" sizeX="6" sizeZ="8" useRandomYRotation="false" useManualYRotation="true" />
    <incomePerHour1>200</incomePerHour1>
    <incomePerHour2>150</incomePerHour2>
    <incomePerHour3>100</incomePerHour3>    
    <clearAreas>
        <clearArea startNode="1|0" widthNode="1|0|0" heightNode="1|0|1"/>
    </clearAreas>
    <leveling requireLeveling="true" maxSmoothDistance="10" maxSlope="75" maxEdgeAngle="30">
        <levelAreas>
            <levelArea startNode="1|0" widthNode="1|0|0" heightNode="1|0|1" groundType="dirt"/>
        </levelAreas>
    </leveling>
    <tipOcclusionUpdateArea sizeX="6" sizeZ="8" />
</placeable>