﻿<?xml version="1.0" encoding="utf-8" standalone="no"?>
<modDesc descVersion="40">
    <author>GIANTS Software, AC_2500S</author>
    <version>1.0.0.0</version>
    <title>
        <en>AC_2500S Placable Parking bay Pack</en>
		<de>AC_2500S Placable Parking bay Pack</de>
    </title>
    <description>
        <en>
            <![CDATA[3 Difrent types of parking bays
			
			Release Log:

Version: 1.0.0.0
         1. Initial release.]]>
        </en>
        <de>
            <![CDATA[PlacableObjectTemplate]]>
        </de>
    </description>
    <iconFilename>icon_icon_Parking_Bay_Pack.png</iconFilename>
    <multiplayer supported="true" />

    <storeItems>
        <storeItem xmlFilename="Car_Parking_Bay_X4.xml"/>
		<storeItem xmlFilename="Truck_Regular_Parking_Bay_X4.xml"/>
		<storeItem xmlFilename="Truck_Through_Double_Length_Parking_Bay_X4.xml"/>
    </storeItems>
		    <brands>
        <brand name="SELFMADE" title="Self Made" image="brand_selfmade.dds"/>
    </brands>
</modDesc>
