﻿<?xml version="1.0" encoding="utf-8" standalone="no" ?>
<placeable>
    <storeData>
        <name>
            <en>Truck P Bay X4</en>
			<de>LKW-reguläre Parkbucht X4</de>
		</name>
        <functions>
            <function>Regular Truck Parking Bay X4</function>
        </functions>
        <image>store_Truck_Regular_Parking_Bay_X4.dds</image>
        <price>400</price>
        <dailyUpkeep>1</dailyUpkeep>
        <lifetime>1000</lifetime>
        <rotation>0</rotation>
        <brand>SELFMADE</brand>
        <species>placeable</species>
        <category>decoration</category>
        <vertexBufferMemoryUsage>0</vertexBufferMemoryUsage>
        <indexBufferMemoryUsage>0</indexBufferMemoryUsage>
        <textureMemoryUsage>0</textureMemoryUsage>
        <instanceVertexBufferMemoryUsage>0</instanceVertexBufferMemoryUsage>
        <instanceIndexBufferMemoryUsage>0</instanceIndexBufferMemoryUsage>
    </storeData>
    <placeableType>placeable</placeableType>
    <filename>Truck_Regular_Parking_Bay_X4.i3d</filename>
    <placement testSizeX="1" testSizeZ="1" sizeX="1" sizeZ="1" useRandomYRotation="false" useManualYRotation="true"/>
    <clearAreas>
        <clearArea startNode="0|0" widthNode="0|0|0" heightNode="0|0|0|0"/>
    </clearAreas>
    <leveling requireLeveling="true" maxSmoothDistance="30" maxSlope="30" maxEdgeAngle="20">
        <levelAreas>
            <levelArea startNode="0|0" widthNode="0|0|0" heightNode="0|0|0|0" groundType="asphalt"/>
        </levelAreas>
    </leveling>
</placeable>