<?xml version="1.0" encoding="utf-8" standalone="no" ?>
<placeable>
    <storeData>
        <name>$l10n_lfh_tank</name>
        <functions>
            <function>$l10n_function_lfh_tank</function>
        </functions>
        <specs>
            <capacity>50000</capacity>
            <fillTypes>liquidFertilizer herbicide</fillTypes>
        </specs>
        <image>store.dds</image>
        <price>4000</price>
        <lifetime>250</lifetime>
        <dailyUpkeep>5</dailyUpkeep>
        <canBeSold>true</canBeSold>
        <showInStore>true</showInStore>
		<rotation>0</rotation>
	    <brand>MISSYB</brand>
        <species>placeable</species>
        <category>placeableMisc</category>
        <vertexBufferMemoryUsage>318372</vertexBufferMemoryUsage>
        <indexBufferMemoryUsage>61752</indexBufferMemoryUsage>
        <textureMemoryUsage>2927472</textureMemoryUsage>
        <instanceVertexBufferMemoryUsage>0</instanceVertexBufferMemoryUsage>
        <instanceIndexBufferMemoryUsage>0</instanceIndexBufferMemoryUsage>
    </storeData>

    <placeableType>silo</placeableType>
    <filename>lfh_tank.i3d</filename>
    <placement testSizeX="10" testSizeZ="14" sizeX="15" sizeZ="16" useRandomYRotation="false" useManualYRotation="true" />

    <clearAreas>
        <clearArea startNode="3|0" widthNode="3|0|0" heightNode="3|0|1"/>
    </clearAreas>

    <leveling requireLeveling="true" maxSmoothDistance="10" maxSlope="35" maxEdgeAngle="30">
        <levelAreas>
            <levelArea startNode="4|0" widthNode="4|0|0" heightNode="4|0|1" groundType="asphalt"/>
        </levelAreas>
    </leveling>

	<loadingStation stationName="LFH Tank" appearsOnPDA="false" storageRadius="10" fillSoundIdentifier="fillSound01">
        <loadTrigger triggerNode="2|1|0|0|0" fillLitersPerSecond="200" dischargeNode="2|1|0|0|1">
            <effectNode effectNode="2|1|0|0|2|0" materialType="unloading" materialTypeId="3" fadeTime="0.5" />
            <effectNode effectNode="2|1|0|0|2|1" materialType="smoke"     materialTypeId="1" fadeTime="0.5" />
        </loadTrigger>
    </loadingStation>

    <unloadingStation stationName="LFH-Tank" appearsOnPDA="false" storageRadius="10">
        <unloadTrigger exactFillRootNode="2|0|0|0|0" />
    </unloadingStation>

    <storages>
        <storage node="2|2" fillTypes="liquidFertilizer herbicide" capacityPerFillType="50000" />
    </storages>
	
    <seasons>
        <maskAreas>
            <maskArea startNode="7|0" widthNode="7|1" heightNode="7|2"/>
        </maskAreas>
    </seasons>	
	
	<tipOcclusionUpdateArea sizeX="15" sizeZ="16" />
</placeable>
