﻿<?xml version="1.0" encoding="utf-8" standalone="no" ?>
<vehicle type="waterTrailer">
    <annotation>Copyright (C) GIANTS Software GmbH, All Rights Reserved.</annotation>
    <storeData>
        <name>
            <en>MTU60</en></name>
        <functions>
            <function>$l10n_function_tank</function>
        </functions>
        <image>store_mks32.dds</image>
        <price>40000</price>
        <lifetime>600</lifetime>
        <rotation>0</rotation>
        <brand>MissyB</brand>
        <category>misc</category>
        <shopTranslationOffset>0 0 0</shopTranslationOffset>
        <shopRotationOffset>0 0 0</shopRotationOffset>
        <vertexBufferMemoryUsage>1878864</vertexBufferMemoryUsage>
        <indexBufferMemoryUsage>342060</indexBufferMemoryUsage>
        <textureMemoryUsage>11534576</textureMemoryUsage>
        <instanceVertexBufferMemoryUsage>0</instanceVertexBufferMemoryUsage>
        <instanceIndexBufferMemoryUsage>0</instanceIndexBufferMemoryUsage>
    </storeData>
    <base>
        <typeDesc>$l10n_typeDesc_trailer</typeDesc>
        <filename>mks32.i3d</filename>
        <size width="3.5" length="12"/>
        <components>
            <component centerOfMass="0 0.6 0" solverIterationCount="10" mass="6200"/>
        </components>
        <schemaOverlay attacherJointPosition="0 0">
            <default name="DEFAULT_IMPLEMENT"/>
            <selected name="DEFAULT_IMPLEMENT_SELECTED"/>
        </schemaOverlay>
    </base>
    <wheels>
        <wheelConfigurations>
            <wheelConfiguration name="$l10n_configuration_valueDefault" price="0">
                <wheels>
                    <wheel filename="$data/shared/wheels/lizard/implement/315_80R22_5.xml" configId="truck2" isLeft="true" hasTireTracks="true" hasParticles="true">
                        <physics tipOcclusionAreaGroupId="1" rotSpeed="0" restLoad="0.8" repr="wheelFrontLeft" forcePointRatio="0.5" initialCompression="38" suspTravel="0.1" spring="34" damper="30" frictionScale="2"/>
                        <wheelChock parkingNode="wheelChock02"/>
                        <wheelChock parkingNode="wheelChock03" isInverted="true"/>
                        <steeringAxle scale="0.2" rotMax="10" rotMin="-10"/>
                    </wheel>
                    <wheel filename="$data/shared/wheels/lizard/implement/315_80R22_5.xml" configId="truck2" isLeft="false" hasTireTracks="true" hasParticles="true">
                        <physics tipOcclusionAreaGroupId="1" rotSpeed="0" restLoad="0.8" repr="wheelFrontRight" forcePointRatio="0.5" initialCompression="38" suspTravel="0.1" spring="34" damper="30" frictionScale="2"/>
                        <steeringAxle scale="0.2" rotMax="10" rotMin="-10"/>
                    </wheel>
                    <wheel filename="$data/shared/wheels/lizard/implement/315_80R22_5.xml" configId="truck2" isLeft="true" hasTireTracks="true" hasParticles="true">
                        <physics tipOcclusionAreaGroupId="1" rotSpeed="0" restLoad="0.8" repr="wheelMiddleLeft" forcePointRatio="0.5" initialCompression="28" suspTravel="0.1" spring="34" damper="30" frictionScale="2"/>
                    </wheel>
                    <wheel filename="$data/shared/wheels/lizard/implement/315_80R22_5.xml" configId="truck2" isLeft="false" hasTireTracks="true" hasParticles="true">
                        <physics tipOcclusionAreaGroupId="1" rotSpeed="0" restLoad="0.8" repr="wheelMiddleRight" forcePointRatio="0.5" initialCompression="28" suspTravel="0.1" spring="34" damper="30" frictionScale="2"/>
                    </wheel>
                    <wheel filename="$data/shared/wheels/lizard/implement/315_80R22_5.xml" configId="truck2" isLeft="true" hasTireTracks="true" hasParticles="true">
                        <physics tipOcclusionAreaGroupId="1" rotSpeed="0" restLoad="0.8" repr="wheelBackLeft" forcePointRatio="0.5" initialCompression="20" suspTravel="0.1" spring="34" damper="30" frictionScale="2"/>
                        <steeringAxle scale="-0.7" rotMax="10" rotMin="-10"/>
                    </wheel>
                    <wheel filename="$data/shared/wheels/lizard/implement/315_80R22_5.xml" configId="truck2" isLeft="false" hasTireTracks="true" hasParticles="true">
                        <physics tipOcclusionAreaGroupId="1" rotSpeed="0" restLoad="0.8" repr="wheelBackRight" forcePointRatio="0.5" initialCompression="20" suspTravel="0.1" spring="34" damper="30" frictionScale="2"/>
                        <steeringAxle scale="-0.7" rotMax="10" rotMin="-10"/>
                    </wheel>
				</wheels>
            </wheelConfiguration>
		</wheelConfigurations>
        <rimColor material="8">0.98 0.98 0.98</rimColor>
    </wheels>
    <attachable>
        <inputAttacherJoints>
            <inputAttacherJoint node="attacherJoint" jointType="semitrailer"/>
        </inputAttacherJoints>
        <steeringAxleAngleScale startSpeed="1" endSpeed="90"/>
        <support animationName="moveSupport"/>
        <brakeForce>0.7</brakeForce>
    </attachable>
    <lights>
        <sharedLight linkNode="rear5ChamberLight_02_Left" filename="$data/shared/assets/lights/lizard/rear5ChamberLight_02_left.xml"/>
        <sharedLight linkNode="rear5ChamberLight_02_Right" filename="$data/shared/assets/lights/lizard/rear5ChamberLight_02_right.xml"/>
        <sharedLight linkNode="sideMarker_01Left" filename="$data/shared/assets/lights/lizard/sideMarker_01_left.xml"/>
        <sharedLight linkNode="sideMarker_01Right" filename="$data/shared/assets/lights/lizard/sideMarker_01_right.xml"/>
        <realLights>
            <high>
                <light node="backLightsHigh1" lightTypes="0"/>
                <brakeLight node="backLightsHigh1"/>
                <turnLightLeft node="turnLightLeftBack"/>
                <turnLightRight node="turnLightRightBack"/>
                <reverseLight node="reverseLight"/>
            </high>
        </realLights>
    </lights>
    <animations>
        <animation name="moveSupport">
            <part node="support" startTime="0.0" endTime="0.15" startTrans="0 0.23 0" endTrans="0 -0.30 0"/>
        </animation>
    </animations>
    <fillUnit>
        <fillUnitConfigurations>
            <fillUnitConfiguration>
                <fillUnits>
                    <fillUnit unit="$l10n_unit_literShort" fillTypes="MILK WATER HERBICIDE LIQUIDFERTILIZER DIESEL DEF SLURRY DIGESTATE" capacity="60000">
                        <exactFillRootNode node="exactFillRootNode"/>
                    </fillUnit>
                </fillUnits>
            </fillUnitConfiguration>
        </fillUnitConfigurations>
    </fillUnit>
    <fillTriggerVehicle triggerNode="fillTrigger" fillUnitIndex="1" litersPerSecond="2000"/>
    <dischargeable>
        <dischargeNode node="dischargeNode" emptySpeed="1500" fillUnitIndex="1" canDischargeToGround="false">
            <info width="1.0" length="0.5" zOffset="0.4"/>
            <trigger node="dischargeTrigger"/>
        </dischargeNode>
    </dischargeable>
    <waterTrailer fillUnitIndex="1" fillLitersPerSecond="800" fillNode="mks32_main_component1">
        <sounds>
            <refill template="DEFAULT_REFUEL_SOUND" linkNode="0>"/>
        </sounds>
    </waterTrailer>
    <foliageBending>
        <bendingNode minX="-1.25" maxX="1.25" minZ="0" maxZ="5.7" yOffset="0.8"/>
        <bendingNode minX="-1.25" maxX="1.25" minZ="-5.8" maxZ="0.1" yOffset="0.4"/>
    </foliageBending>
    <baseMaterial>
        <material name="body_mat" baseNode="mks32_vis">
            <shaderParameter name="colorMat1" value="SHARED_WHITE2" material="8"/>
        </material>
    </baseMaterial>
    <baseMaterialConfigurations>
        <baseMaterialConfiguration name="CHROME" color="SHARED_WHITE2" material="2"/>
        <baseMaterialConfiguration name="STAINLESS STEEL" color="SHARED_WHITE2" material="8" price="500"/>
        <baseMaterialConfiguration name="BLACK" color="SHARED_BLACK2" material="0" price="500"/>
        <baseMaterialConfiguration name="YELLOW" color="0.8 0.702 0" material="0"/>
        <baseMaterialConfiguration name="RED" color="0.5732 0.0050 0.0050" material="0" price="500"/>
		<material name="body_mat" shaderParameter="colorMat1"/>
    </baseMaterialConfigurations>
	<baseMaterialConfigurations price="1000" useDefaultColors="true" defaultColorIndex="11">
        <baseMaterialConfiguration color="0.0200 0.2800 0.1900 1"/>
        <baseMaterialConfiguration color="0.9000 0.0100 0.0050 1"/>
        <baseMaterialConfiguration name="PEWTER" color="SHARED_WHITE2" material="8" price="1000"/>		
        <material name="body_mat" shaderParameter="colorMat1" />
    </baseMaterialConfigurations>
    <wearable wearDuration="480" workMultiplier="5" fieldMultiplier="2"/>
    <washable dirtDuration="90" washDuration="1" workMultiplier="2" fieldMultiplier="2"/>
    <i3dMappings>
        <i3dMapping id="mks32_main_component1" node="0>"/>
        <i3dMapping id="mks32_vis" node="0>0"/>
        <i3dMapping id="attacherJoint" node="0>0|0|0"/>
        <i3dMapping id="wheelChock02" node="0>0|0|1|0"/>
        <i3dMapping id="wheelChock03" node="0>0|0|1|1"/>
        <i3dMapping id="support" node="0>0|0|2"/>
        <i3dMapping id="airIn" node="0>0|0|3|0"/>
        <i3dMapping id="airOut" node="0>0|0|3|1"/>
        <i3dMapping id="hydraulicIn02" node="0>0|0|3|2"/>
        <i3dMapping id="electricCable" node="0>0|0|3|3"/>
        <i3dMapping id="wheelFrontLeft" node="0>0|1|0"/>
        <i3dMapping id="wheelFrontRight" node="0>0|1|1"/>
        <i3dMapping id="wheelMiddleLeft" node="0>0|1|2"/>
        <i3dMapping id="wheelMiddleRight" node="0>0|1|3"/>
        <i3dMapping id="wheelBackLeft" node="0>0|1|4"/>
        <i3dMapping id="wheelBackRight" node="0>0|1|5"/>
        <i3dMapping id="rear5ChamberLight_02_Left" node="0>0|2|0|0"/>
        <i3dMapping id="rear5ChamberLight_02_Right" node="0>0|2|0|1"/>
        <i3dMapping id="sideMarker_01Left" node="0>0|2|0|2"/>
        <i3dMapping id="sideMarker_01Right" node="0>0|2|0|3"/>
        <i3dMapping id="backLightsHigh1" node="0>0|2|1|0"/>
        <i3dMapping id="turnLightLeftBack" node="0>0|2|2|0"/>
        <i3dMapping id="turnLightRightBack" node="0>0|2|2|1"/>
        <i3dMapping id="reverseLight" node="0>0|2|3|0"/>
        <i3dMapping id="exactFillRootNode" node="0>0|3|0"/>
        <i3dMapping id="fillTrigger" node="0>0|3|1"/>
        <i3dMapping id="dischargeNode" node="0>0|3|2"/>
        <i3dMapping id="dischargeTrigger" node="0>0|3|3"/>
    </i3dMappings>
</vehicle>
