<?xml version="1.0" encoding="utf-8" standalone="no"?>
<modDesc descVersion="46">
    <author>Missby</author>
    <version>1.2.0.0</version>
    <title>
        <en>Placeable Liquid Fertilizer and Herbicide</en>
		<de>Platzierbar Flüssigdünger und Herbicide</de>
        <en>Liquid Transporter</en>
        <de>Flüssig Transporter</de>    
	</title>
    <description>
<en><![CDATA[Placeable Silo for Liquid Fertilizer and Herbicide.
- Capacity: 50,000 Liters
- Daily up keep: 10
- Price: 4500
- Console User's: 2 Slots
- Now include's MTU Tanker holds 60000 Liters

Changelog 1.2.0.0
1. General tidy
2. Seasons Ready
3. Now include's MTU Tanker holds 60000 Liters

Version: 1.0.0.0:
Initial release. 
]]></en>


<de><![CDATA[Platzierbares Silo für Flüssigdünger und Herbizide.
- Füllmenge: 50.000 Liter
- Täglich Kosten: 10
- Preis: 4500
- Console User's: 2 Slots
- Jetzt hält der MTU Tanker 60000 Liter

Changelog 1.2.0.0 
1. Allgemein ordentlich 
2. Jahreszeiten bereit
3. Jetzt hält der MTU Tanker 60000 Liter

Version: 1.0.0.0:
Initial release.]]></de>
</description>
    <iconFilename>icon.dds</iconFilename>
    <multiplayer supported="true"/>
	<storeItems>
        <storeItem xmlFilename="lfh_tank.xml"/>
        <storeItem rootNode="vehicle" xmlFilename="mks32.xml"/>
    </storeItems>
	    <l10n>
        <text name="function_lfh_tank">
            <en>Silo for liquid fertilizer and herbicide</en>
			<de>Silo für Flüssigdünger und Herbizid</de>
        </text>
		<text name="lfh_tank">
            <en>Placeable Silo liquid fertilizer and herbicide</en>
			<de>Platzbarer Silo Flüssigdünger und Herbizid</de>
        </text>
    </l10n>
    <brands>
       <brand name="MISSYB" title="MISSYB" image="brand_mbmb.dds" />
    </brands>
</modDesc>