﻿<?xml version="1.0" encoding="utf-8" standalone="no" ?>
<vehicle type="transportTrailer">
    <annotation>Copyright (C) GIANTS Software GmbH, All Rights Reserved.</annotation>

    <storeData>
        <name>$l10n_shopItem_flieglSemitrailer</name>
		<functions>
            <function>$l10n_function_lowLoader</function>
        </functions>
        <image>store_Kane_Low_Loader.dds</image>
        <price>22899</price>
        <lifetime>600</lifetime>
        <rotation>0</rotation>
        <brand>KANE</brand>
        <category>lowloaders</category>
    </storeData>

    <base>
        <typeDesc>$l10n_typeDesc_lowLoader</typeDesc>
        <filename>kane_low_loader.i3d</filename>
        <size width="3.5" length="10" lengthOffset="0" />
        <components count="2">
            <component centerOfMass="0.00 0.3 1" solverIterationCount="10" mass="1500"/>
			<component centerOfMass="0 0 0" solverIterationCount="20" mass="300" />
            <joint component1="1" component2="2" node="0>2" rotLimit="10 0 0" transLimit="0 0 0" />
        </components>
        <schemaOverlay attacherJointPosition="0 0">
            <default name="DEFAULT_IMPLEMENT"/>
            <selected name="DEFAULT_IMPLEMENT_SELECTED"/>
        </schemaOverlay>
    </base>

    <rimColorConfigurations useDefaultColors="true" price="100">
        <rimColorConfiguration color="0.294 0.294 0.294 1"/>
        <colorNode node="1>0|0"/>
        <colorNode node="1>0|1"/>
        <colorNode node="1>0|2"/>
        <colorNode node="1>0|3"/>
    </rimColorConfigurations>

	<wheels>
        <wheelConfigurations>
            <wheelConfiguration name="$l10n_configuration_valueDefault" price="1700" brand="MICHELIN">
                <wheels>
                    <wheel filename="$data/shared/wheels/lizard/implement/295_70R18.xml" isLeft="false" hasTireTracks="true" hasParticles="true" >
                        <physics restLoad="0.44" repr="1>0|1"   forcePointRatio="0.5" initialCompression="10" suspTravel="0.13" spring="43" damper="50" />
						<additionalWheel filename="$data/shared/wheels/lizard/implement/295_70R18.xml" isLeft="true" offset="0.07" />
                    </wheel>
                    <wheel filename="$data/shared/wheels/lizard/implement/295_70R18.xml" isLeft="true" hasTireTracks="true" hasParticles="true" >
                        <physics restLoad="0.44" repr="1>0|0"  forcePointRatio="0.5" initialCompression="10" suspTravel="0.13" spring="43" damper="50" />
						<additionalWheel filename="$data/shared/wheels/lizard/implement/295_70R18.xml" isLeft="false" offset="0.07" />
                    </wheel>
                    <wheel filename="$data/shared/wheels/lizard/implement/295_70R18.xml" isLeft="true" hasTireTracks="true" hasParticles="true" >
                        <physics restLoad="0.44" repr="1>0|2"    forcePointRatio="0.5" initialCompression="10" suspTravel="0.13" spring="43" damper="50" />
						<additionalWheel filename="$data/shared/wheels/lizard/implement/295_70R18.xml" isLeft="false" offset="0.07" />
                    </wheel>
                    <wheel filename="$data/shared/wheels/lizard/implement/295_70R18.xml" isLeft="false" hasTireTracks="true" hasParticles="true" >
                        <physics restLoad="0.45" repr="1>0|3"   forcePointRatio="0.5" initialCompression="10" suspTravel="0.13" spring="43" damper="50" />
						<additionalWheel filename="$data/shared/wheels/lizard/implement/295_70R18.xml" isLeft="true" offset="0.07" />
                    </wheel>
                </wheels>
            </wheelConfiguration>
        </wheelConfigurations>


        <hubs>
		    <color0 useBaseColor="true" />
            <hub linkNode="1>0|1"   filename="$data/shared/wheels/hubs/hub_n10_8.xml" isLeft="false"  scale="0.2 0.2 0.2" />
            <hub linkNode="1>0|0"  filename="$data/shared/wheels/hubs/hub_n10_8.xml" isLeft="true" scale="0.2 0.2 0.2" />
            <hub linkNode="1>0|2"    filename="$data/shared/wheels/hubs/hub_n10_8.xml" isLeft="true"  scale="0.2 0.2 0.2" />
            <hub linkNode="1>0|3"   filename="$data/shared/wheels/hubs/hub_n10_8.xml" isLeft="false" scale="0.2 0.2 0.2" />
        </hubs>
    </wheels>

    <attachable>
        <inputAttacherJoints>
            <inputAttacherJoint node="0>3" jointType="trailer" rootNode="0>" attacherHeight="0.47" />
        </inputAttacherJoints>
        <brakeForce>0.35</brakeForce>
    </attachable>
	
	<connectionHoses>
        <hose inputAttacherJointIndices="1" type="hydraulicOut"  node="0>0|4|0"  length="1" diameter="0.025" straighteningFactor="0.5">
           <objectChange node="0>0|4|0|0" visibilityActive="false" visibilityInactive="true"/>
        </hose>
    </connectionHoses>

    <dynamicallyLoadedParts>
        <dynamicallyLoadedPart node="1|0" linkNode="0>0|4|0|0|0"  filename="$data/shared/connectionHoses/connectors.i3d" />
    </dynamicallyLoadedParts>
	
	<attacherJoints>
        <attacherJoint node="0>4" jointType="trailer" lowerRotLimit="10 70 70" upperRotationOffset="0" allowsJointLimitMovement="false" canTurnOnImplement="false" >
            <schema position="1 0" rotation="0" invertX="false" />
        </attacherJoint>
        <sounds>
            <attach template="ATTACH_01" linkNode="0>" />
        </sounds>
    </attacherJoints>
	
	<lights>
        <sharedLight linkNode="0>0|1|2|1|0|0"  filename="$data/shared/assets/lights/lizard/rear4ChamberLight_01_left.xml" />
        <sharedLight linkNode="0>0|1|2|1|0|1" filename="$data/shared/assets/lights/lizard/rear4ChamberLight_01_right.xml" />
        <realLights>
            <high>
                <light node="0>0|1|2|1|1|0" lightTypes="0"/>
                <turnLightLeft node="0>0|1|2|1|2|0|0"/>
                <turnLightRight node="0>0|1|2|1|2|1|0"/>
                <brakeLight node="0>0|1|2|1|1|0"/>
            </high>
        </realLights>
    </lights>
	
    <foldable>
        <foldingParts startMoveDirection="0" turnOnFoldMinLimit="0.0" turnOnFoldMaxLimit="0.02" >
            <foldingPart animationName="folding" speedScale="1" />
        </foldingParts>
    </foldable>

    <animations>
		<animation name="folding">
			<part node="0>0|1|2" startTime="0"    endTime="4" startRot="0 0 0" endRot="-112 0 0" />
            <part node="0>0|1|0" startTime="0"    endTime="0.02" visibility="true" />
            <part node="0>0|1|0" startTime="0.02" endTime="0.04" visibility="false" />
            <part node="0>0|1|1" startTime="0"    endTime="0.02" visibility="true" />
            <part node="0>0|1|1" startTime="0.02" endTime="0.04" visibility="false" />
		</animation>
    </animations>
	
	<cylindered>
        <movingTools>
			<movingTool node="0>0|1|2" isEasyControlTarget="false">
                <controls axis="AXIS_CRANE_ARM" invertAxis="true" mouseSpeedFactor="0.5" iconName="CRANE_ARM1_ROTATE_Y" />
                <rotation rotSpeed="50" rotAcceleration="160" rotMax="0" rotMin="-120"  />
				<dependentMovingTool node="0>0|1|0" speedScale="1" />
				<dependentMovingTool node="0>0|1|1" speedScale="1" />
            </movingTool>
			<movingTool node="0>0|1|0" isEasyControlTarget="false">
                <rotation rotSpeed="120" rotAcceleration="160" rotMax="32.1" rotMin="-5.475"  />
            </movingTool>
			<movingTool node="0>0|1|1" isEasyControlTarget="false">
                <rotation rotSpeed="120" rotAcceleration="160" rotMax="32.1" rotMin="-5.475"  />
            </movingTool>
        </movingTools>
        <sounds>
            <hydraulic template="DEFAULT_HYDRAULIC_SOUND" linkNode="0>"/>
        </sounds>
    </cylindered>

    <tensionBelts>
        <tensionBeltsConfigurations>
            <tensionBeltsConfiguration>
                <tensionBelts linkNode="0>0|2" jointNode="0>" width="0.075" maxEdgeLength="0.1" geometryBias="0.01" ratchetPosition="0.2" defaultOffset="-0.25" defaultOffsetSide="0.1" defaultHeight="2.75" interactionRadius="1.5" totalInteractionRadius="6.5" activationTrigger="0>0|3|0">
                    <tensionBelt startNode="0>0|2|0" endNode="0>0|2|0|0" offsetLeft="0.95"/>
                    <tensionBelt startNode="0>0|2|1" endNode="0>0|2|1|0"/>
                    <tensionBelt startNode="0>0|2|2" endNode="0>0|2|2|0"/>
                    <tensionBelt startNode="0>0|2|3" endNode="0>0|2|3|0" offsetRight="0.8"/>
                </tensionBelts>
            </tensionBeltsConfiguration>
        </tensionBeltsConfigurations>
    </tensionBelts>

    <dynamicMountAttacher triggerNode="0>0|3" rootNode="0>" jointNode="0>" forceAcceleration="500" mountType="FIX_ATTACH"/>

    <foliageBending>
        <bendingNode minX="-1.3" maxX="1.3" minZ="-5.9" maxZ="4.2 " yOffset="0.6" />
    </foliageBending>

    <baseMaterial>
        <material name="Kane_Low_Loader_mat" baseNode="0>0">
            <shaderParameter name="colorMat0" value="1 0.53 0 0"/>
        </material>
    </baseMaterial>

    <baseMaterialConfigurations price="0" useDefaultColors="true" defaultColorIndex="0">
        <baseMaterialConfiguration color="1 0.53 0 0"/>
        <material name="Kane_Low_Loader_mat" shaderParameter="colorMat0" />
    </baseMaterialConfigurations>

    <wearable wearDuration="480" workMultiplier="5" fieldMultiplier="2"/>
    <washable dirtDuration="90" washDuration="1" workMultiplier="3" fieldMultiplier="2"/>
</vehicle>
