﻿<?xml version="1.0" encoding="utf-8" standalone="no" ?>
<modDesc descVersion="47">
    <author>Piplarsson/NoobFragz - Swedish Bonna Team</author>
    <version>1.0.0.0</version>
    <title>
        <en>Kane Low Loader</en>
        <de>Kane Tieflader</de>
        <fr>Kane Remorque Surbaissée</fr>
    </title>
    <description>
        <en>
            <![CDATA[The Kane Low Loader is one of the lowest low loaders on the market accompany this with the gentle beaver tail and it makes it safer for loading excavators.
These Low Loaders are available in a range of lengths but fall into two main groups, 16 Tonne and 24 Tonne, other uncommon specs can be available.

Lengths 6.35 – 7.25 meters
Tandem axle w/spring sets
Sprung ramps
Hydraulic Brakes
Lights
215 x 17.5 tyres

Price: 22899€]]>
        </en>
        <de>
            <![CDATA[Der Kane Tieflader ist einer der niedrigsten Tieflader auf dem Markt. Er wird mit dem sanften Biberschwanz begleitet und ist sicherer für das Laden von Baggern.
Diese Tieflader sind in verschiedenen Längen erhältlich, fallen jedoch in zwei Hauptgruppen, 16 Tonnen und 24 Tonnen. Andere ungewöhnliche Spezifikationen sind erhältlich.

Längen 6,35 - 7,25 Meter
Tandemachse mit Federsätzen
Sprungrampen
Hydraulische Bremsen
Beleuchtung
215 x 17,5 Reifen

Preis: 22899€]]>
        </de>
        <fr>
            <![CDATA[Le Kane Remorque surbaissée est l'un des plus bas surbaissés sur le marché.
Ces chargeuses surbaissées sont disponibles dans une gamme de longueurs mais se divisent en deux groupes principaux, 16 tonnes et 24 tonnes, d'autres spécifications peu communes peuvent être disponibles.

Longueurs 6,35 - 7,25 mètres
Essieu tandem avec jeux de ressorts
Rampes suspendues
Freins hydrauliques
Lumières
Pneus 215 x 17,5

Prix: 22899€]]>
        </fr>
    </description>	
	<iconFilename>icon_Kane_Low_Loader.dds</iconFilename>
	<multiplayer supported="true" />
	<brands>
        <brand name="KANE" title="Kane" image="brand_KANE.dds"/>
    </brands>
	<storeItems>
        <storeItem rootNode="vehicle" xmlFilename="kane_low_loader.xml"/>
    </storeItems>
</modDesc>
