﻿<?xml version="1.0" encoding="utf-8" standalone="no" ?>
<modDesc descVersion="51">
    <author>Adub Modding</author>
    <version>1.0.0.0</version>
    <title>
        <en>Cell phone tower</en>
    </title>
    <description>
        <en>
            <![CDATA[Cell phone tower]]>
        </en>
    </description>
    <iconFilename>store/icon.dds</iconFilename>
    <multiplayer supported="true" /> 
    <storeItems>
        <storeItem xmlFilename="xml/Cellphonetower.xml" />
    </storeItems>
</modDesc>